eval,section,stratum,variant,metric,value,n
test30,bottleneck,all,relation_type_actual,exact,0.5546139359698682,2124
test30,bottleneck,all,oracle_presence_top1,exact,0.8328625235404896,2124
test30,bottleneck,all,oracle_presence_top2,exact,0.9397363465160076,2124
test30,bottleneck,all,oracle_presence_top3,exact,0.9689265536723164,2124
test30,bottleneck,all,oracle_presence_top5,exact,0.9882297551789078,2124
test30,bottleneck,repair_needed,relation_type_actual,exact,0.2845394736842105,1216
test30,bottleneck,repair_needed,oracle_presence_top1,exact,0.7080592105263158,1216
test30,bottleneck,repair_needed,oracle_presence_top2,exact,0.8947368421052632,1216
test30,bottleneck,repair_needed,oracle_presence_top3,exact,0.9457236842105264,1216
test30,bottleneck,repair_needed,oracle_presence_top5,exact,0.9794407894736842,1216
test30,strict_selective,pair_only,relation_type_gate_0.70,coverage,0.6625,320
test30,strict_selective,pair_only,relation_type_gate_0.70,false_accept,0.0,320
test30,strict_selective,pair_only,relation_type_gate_0.70,exact_accept,0.0,320
test30,strict_selective,pair_only,relation_type_gate_0.70,incomplete_accept,1.0,320
test30,strict_selective,pair_only,relation_type_gate_0.70,exact_yield,0.0,320
test30,strict_selective,pair_only,relation_type_gate_0.70,false_yield,0.0,320
test30,strict_selective,junction_only,relation_type_gate_0.70,coverage,0.4358288770053476,748
test30,strict_selective,junction_only,relation_type_gate_0.70,false_accept,0.00920245398773,748
test30,strict_selective,junction_only,relation_type_gate_0.70,exact_accept,0.0245398773006134,748
test30,strict_selective,junction_only,relation_type_gate_0.70,incomplete_accept,0.9662576687116564,748
test30,strict_selective,junction_only,relation_type_gate_0.70,exact_yield,0.0106951871657754,748
test30,strict_selective,junction_only,relation_type_gate_0.70,false_yield,0.0040106951871657,748
test30,strict_selective,mixed,relation_type_gate_0.70,coverage,0.4527027027027027,148
test30,strict_selective,mixed,relation_type_gate_0.70,false_accept,0.0,148
test30,strict_selective,mixed,relation_type_gate_0.70,exact_accept,0.2985074626865671,148
test30,strict_selective,mixed,relation_type_gate_0.70,incomplete_accept,0.7014925373134329,148
test30,strict_selective,mixed,relation_type_gate_0.70,exact_yield,0.1351351351351351,148
test30,strict_selective,mixed,relation_type_gate_0.70,false_yield,0.0,148
test30,strict_selective,none_incomplete_junction,relation_type_gate_0.70,coverage,0.8890374331550802,748
test30,strict_selective,none_incomplete_junction,relation_type_gate_0.70,false_accept,0.0,748
test30,strict_selective,none_incomplete_junction,relation_type_gate_0.70,exact_accept,1.0,748
test30,strict_selective,none_incomplete_junction,relation_type_gate_0.70,incomplete_accept,0.0,748
test30,strict_selective,none_incomplete_junction,relation_type_gate_0.70,exact_yield,0.8890374331550802,748
test30,strict_selective,none_incomplete_junction,relation_type_gate_0.70,false_yield,0.0,748
test30,strict_selective,none_orphan_pair,relation_type_gate_0.70,coverage,0.925,160
test30,strict_selective,none_orphan_pair,relation_type_gate_0.70,false_accept,0.0,160
test30,strict_selective,none_orphan_pair,relation_type_gate_0.70,exact_accept,1.0,160
test30,strict_selective,none_orphan_pair,relation_type_gate_0.70,incomplete_accept,0.0,160
test30,strict_selective,none_orphan_pair,relation_type_gate_0.70,exact_yield,0.925,160
test30,strict_selective,none_orphan_pair,relation_type_gate_0.70,false_yield,0.0,160
test45,bottleneck,all,relation_type_actual,exact,0.513653483992467,2124
test45,bottleneck,all,oracle_presence_top1,exact,0.786723163841808,2124
test45,bottleneck,all,oracle_presence_top2,exact,0.89924670433145,2124
test45,bottleneck,all,oracle_presence_top3,exact,0.9425612052730696,2124
test45,bottleneck,all,oracle_presence_top5,exact,0.9759887005649718,2124
test45,bottleneck,repair_needed,relation_type_actual,exact,0.1850328947368421,1216
test45,bottleneck,repair_needed,oracle_presence_top1,exact,0.6274671052631579,1216
test45,bottleneck,repair_needed,oracle_presence_top2,exact,0.8240131578947368,1216
test45,bottleneck,repair_needed,oracle_presence_top3,exact,0.899671052631579,1216
test45,bottleneck,repair_needed,oracle_presence_top5,exact,0.9580592105263158,1216
test45,strict_selective,pair_only,relation_type_gate_0.70,coverage,0.7375,320
test45,strict_selective,pair_only,relation_type_gate_0.70,false_accept,0.0,320
test45,strict_selective,pair_only,relation_type_gate_0.70,exact_accept,0.0042372881355932,320
test45,strict_selective,pair_only,relation_type_gate_0.70,incomplete_accept,0.9957627118644068,320
test45,strict_selective,pair_only,relation_type_gate_0.70,exact_yield,0.003125,320
test45,strict_selective,pair_only,relation_type_gate_0.70,false_yield,0.0,320
test45,strict_selective,junction_only,relation_type_gate_0.70,coverage,0.6270053475935828,748
test45,strict_selective,junction_only,relation_type_gate_0.70,false_accept,0.0042643923240938,748
test45,strict_selective,junction_only,relation_type_gate_0.70,exact_accept,0.0149253731343283,748
test45,strict_selective,junction_only,relation_type_gate_0.70,incomplete_accept,0.9808102345415778,748
test45,strict_selective,junction_only,relation_type_gate_0.70,exact_yield,0.0093582887700534,748
test45,strict_selective,junction_only,relation_type_gate_0.70,false_yield,0.0026737967914438,748
test45,strict_selective,mixed,relation_type_gate_0.70,coverage,0.5067567567567568,148
test45,strict_selective,mixed,relation_type_gate_0.70,false_accept,0.0,148
test45,strict_selective,mixed,relation_type_gate_0.70,exact_accept,0.1333333333333333,148
test45,strict_selective,mixed,relation_type_gate_0.70,incomplete_accept,0.8666666666666667,148
test45,strict_selective,mixed,relation_type_gate_0.70,exact_yield,0.0675675675675675,148
test45,strict_selective,mixed,relation_type_gate_0.70,false_yield,0.0,148
test45,strict_selective,none_incomplete_junction,relation_type_gate_0.70,coverage,0.9237967914438504,748
test45,strict_selective,none_incomplete_junction,relation_type_gate_0.70,false_accept,0.0,748
test45,strict_selective,none_incomplete_junction,relation_type_gate_0.70,exact_accept,1.0,748
test45,strict_selective,none_incomplete_junction,relation_type_gate_0.70,incomplete_accept,0.0,748
test45,strict_selective,none_incomplete_junction,relation_type_gate_0.70,exact_yield,0.9237967914438504,748
test45,strict_selective,none_incomplete_junction,relation_type_gate_0.70,false_yield,0.0,748
test45,strict_selective,none_orphan_pair,relation_type_gate_0.70,coverage,0.9625,160
test45,strict_selective,none_orphan_pair,relation_type_gate_0.70,false_accept,0.0129870129870129,160
test45,strict_selective,none_orphan_pair,relation_type_gate_0.70,exact_accept,0.987012987012987,160
test45,strict_selective,none_orphan_pair,relation_type_gate_0.70,incomplete_accept,0.0,160
test45,strict_selective,none_orphan_pair,relation_type_gate_0.70,exact_yield,0.95,160
test45,strict_selective,none_orphan_pair,relation_type_gate_0.70,false_yield,0.0125,160
