n,patients,auroc,auprc,threshold,tp,fp,fn,tn,recall,fpr,precision,accuracy,accepted,coverage,model,split,target_fpr_budget
268,5,0.9113945199376253,0.8323981031228282,0.9918504179986226,1,0,133,134,0.007462686567164179,0.0,1.0,0.503731343283582,1,0.0037313432835820895,geometry,val,0.0
334,6,0.9366416866865072,0.8773789951190524,0.9918504179986226,0,0,167,167,0.0,0.0,0.0,0.5,0,0.0,geometry,test,0.0
268,5,0.9113945199376253,0.8323981031228282,0.9639639569191426,4,1,130,133,0.029850746268656716,0.007462686567164179,0.8,0.5111940298507462,5,0.018656716417910446,geometry,val,0.01
334,6,0.9366416866865072,0.8773789951190524,0.9639639569191426,6,1,161,166,0.03592814371257485,0.005988023952095809,0.8571428571428571,0.5149700598802395,7,0.020958083832335328,geometry,test,0.01
268,5,0.9113945199376253,0.8323981031228282,0.9627040063617748,6,2,128,132,0.04477611940298507,0.014925373134328358,0.75,0.5149253731343284,8,0.029850746268656716,geometry,val,0.02
334,6,0.9366416866865072,0.8773789951190524,0.9627040063617748,6,1,161,166,0.03592814371257485,0.005988023952095809,0.8571428571428571,0.5149700598802395,7,0.020958083832335328,geometry,test,0.02
268,5,0.9113945199376253,0.8323981031228282,0.9418564612332644,21,6,113,128,0.15671641791044777,0.04477611940298507,0.7777777777777778,0.5559701492537313,27,0.10074626865671642,geometry,val,0.05
334,6,0.9366416866865072,0.8773789951190524,0.9418564612332644,14,3,153,164,0.08383233532934131,0.017964071856287425,0.8235294117647058,0.5329341317365269,17,0.05089820359281437,geometry,test,0.05
268,5,0.9113945199376253,0.8323981031228282,0.8531705959180887,79,13,55,121,0.5895522388059702,0.09701492537313433,0.8586956521739131,0.746268656716418,92,0.34328358208955223,geometry,val,0.1
334,6,0.9366416866865072,0.8773789951190524,0.8531705959180887,91,11,76,156,0.5449101796407185,0.0658682634730539,0.8921568627450981,0.7395209580838323,102,0.30538922155688625,geometry,test,0.1
268,5,0.9631877923813766,0.960460405908728,0.9787454442010008,59,0,75,134,0.44029850746268656,0.0,1.0,0.7201492537313433,59,0.22014925373134328,radial_hu_summary_v1,val,0.0
334,6,0.9440281114417871,0.9488181222518489,0.9787454442010008,66,0,101,167,0.39520958083832336,0.0,1.0,0.6976047904191617,66,0.19760479041916168,radial_hu_summary_v1,test,0.0
268,5,0.9631877923813766,0.960460405908728,0.9669712701957196,68,1,66,133,0.5074626865671642,0.007462686567164179,0.9855072463768116,0.75,69,0.2574626865671642,radial_hu_summary_v1,val,0.01
334,6,0.9440281114417871,0.9488181222518489,0.9669712701957196,73,0,94,167,0.437125748502994,0.0,1.0,0.718562874251497,73,0.218562874251497,radial_hu_summary_v1,test,0.01
268,5,0.9631877923813766,0.960460405908728,0.9298362926472468,88,2,46,132,0.6567164179104478,0.014925373134328358,0.9777777777777777,0.8208955223880597,90,0.3358208955223881,radial_hu_summary_v1,val,0.02
334,6,0.9440281114417871,0.9488181222518489,0.9298362926472468,99,4,68,163,0.592814371257485,0.023952095808383235,0.9611650485436893,0.7844311377245509,103,0.3083832335329341,radial_hu_summary_v1,test,0.02
268,5,0.9631877923813766,0.960460405908728,0.8963120270935124,99,6,35,128,0.7388059701492538,0.04477611940298507,0.9428571428571428,0.8470149253731343,105,0.3917910447761194,radial_hu_summary_v1,val,0.05
334,6,0.9440281114417871,0.9488181222518489,0.8963120270935124,115,7,52,160,0.688622754491018,0.041916167664670656,0.9426229508196722,0.8233532934131736,122,0.3652694610778443,radial_hu_summary_v1,test,0.05
268,5,0.9631877923813766,0.960460405908728,0.8085568925367334,110,13,24,121,0.8208955223880597,0.09701492537313433,0.8943089430894309,0.8619402985074627,123,0.458955223880597,radial_hu_summary_v1,val,0.1
334,6,0.9440281114417871,0.9488181222518489,0.8085568925367334,122,9,45,158,0.7305389221556886,0.05389221556886228,0.9312977099236641,0.8383233532934131,131,0.39221556886227543,radial_hu_summary_v1,test,0.1
268,5,0.9832368010692805,0.9770645382396154,0.9973862933393596,30,0,104,134,0.22388059701492538,0.0,1.0,0.6119402985074627,30,0.11194029850746269,geometry_plus_radial_v1,val,0.0
334,6,0.9846893040266772,0.9823208894033341,0.9973862933393596,40,0,127,167,0.23952095808383234,0.0,1.0,0.6197604790419161,40,0.11976047904191617,geometry_plus_radial_v1,test,0.0
268,5,0.9832368010692805,0.9770645382396154,0.9637264108528628,86,1,48,133,0.6417910447761194,0.007462686567164179,0.9885057471264368,0.8171641791044776,87,0.3246268656716418,geometry_plus_radial_v1,val,0.01
334,6,0.9846893040266772,0.9823208894033341,0.9637264108528628,96,1,71,166,0.5748502994011976,0.005988023952095809,0.9896907216494846,0.7844311377245509,97,0.2904191616766467,geometry_plus_radial_v1,test,0.01
268,5,0.9832368010692805,0.9770645382396154,0.959853249497613,89,2,45,132,0.664179104477612,0.014925373134328358,0.978021978021978,0.8246268656716418,91,0.33955223880597013,geometry_plus_radial_v1,val,0.02
334,6,0.9846893040266772,0.9823208894033341,0.959853249497613,97,1,70,166,0.5808383233532934,0.005988023952095809,0.9897959183673469,0.7874251497005988,98,0.2934131736526946,geometry_plus_radial_v1,test,0.02
268,5,0.9832368010692805,0.9770645382396154,0.8573873614273606,116,6,18,128,0.8656716417910447,0.04477611940298507,0.9508196721311475,0.9104477611940298,122,0.4552238805970149,geometry_plus_radial_v1,val,0.05
334,6,0.9846893040266772,0.9823208894033341,0.8573873614273606,138,3,29,164,0.8263473053892215,0.017964071856287425,0.9787234042553191,0.9041916167664671,141,0.4221556886227545,geometry_plus_radial_v1,test,0.05
268,5,0.9832368010692805,0.9770645382396154,0.4276630520320493,134,9,0,125,1.0,0.06716417910447761,0.9370629370629371,0.9664179104477612,143,0.5335820895522388,geometry_plus_radial_v1,val,0.1
334,6,0.9846893040266772,0.9823208894033341,0.4276630520320493,163,14,4,153,0.9760479041916168,0.08383233532934131,0.9209039548022598,0.9461077844311377,177,0.5299401197604791,geometry_plus_radial_v1,test,0.1